{
  "version": 1,
  "author": "Uri Shaked",
  "editor": "wokwi",
  "parts": [
    {
      "type": "board-esp32-devkit-c-v4",
      "id": "esp",
      "top": 211.2,
      "left": -215.96,
      "attrs": { "fastTLS": "1" }
    },
    {
      "type": "board-ssd1306",
      "id": "oled1",
      "top": 310.34,
      "left": 48.23,
      "attrs": { "i2cAddress": "0x3c" }
    },
    { "type": "wokwi-ds1307", "id": "rtc1", "top": 330.6, "left": -57.5, "attrs": {} }
  ],
  "connections": [
    [ "esp:TX", "$serialMonitor:RX", "", [] ],
    [ "esp:RX", "$serialMonitor:TX", "", [] ],
    [ "esp:GND.2", "oled1:GND", "black", [ "v-19.2", "h201.6" ] ],
    [ "oled1:SDA", "esp:21", "green", [ "v0" ] ],
    [ "oled1:SCL", "esp:22", "violet", [ "v0" ] ],
    [ "esp:3V3", "oled1:VCC", "red", [ "h-19.05", "v-28.8", "h326.4" ] ],
    [ "esp:5V", "rtc1:5V", "red", [ "v19.2", "h105.75", "v-76.4" ] ],
    [ "esp:GND.2", "rtc1:GND", "black", [ "h9.6", "v105.6" ] ],
    [ "rtc1:SDA", "esp:21", "green", [ "h-38.4", "v-77.1", "h-28.8" ] ],
    [ "esp:22", "rtc1:SCL", "violet", [ "h48", "v115.2" ] ]
  ],
  "dependencies": {}
}